QNO,Q1,Q2,Q3,Q4,Q5a,Q5b,Q5c,Q5d,Q5e,Q5f,Q5g,Q5h,Q5i,Q6,Q7a,Q7b,Q7c,Q7d,Q7e,Q7f,Q8a,Q8b,Q8c,Q8d,Q9,Q10,Q11,Q12,Q13,Q14
1,1,2,1,1,1,2,4,3,3,3,3,3,4,1,4,2,4,3,3,2,0,97,3,0,2,3,2,1,2,3
2,1,3,3,1,1,3,3,4,3,3,4,3,4,3,3,3,3,3,3,3,5,90,5,0, ,3,2,1,2,5
3,1,3,1,0,1,2,3,4,4,4,4,4,4,2,4,3,4,4,4,3,0,90,10,0,4,4,2,1,4,3
4,1,2,1,1,1,3,3,4,4,4,4,3,4,3,3,3,4,2,2,2,0,100,0,0,3,3,2,1,4,3
5,0, , , , , , , , , , , , , , , , , , , , , , , ,3,2,2,0,4,5
6,1,3,2,1,1,3,3,4,4,4,4,3,3,3,1,1,1,3,3,2,5,60,35,0,3,4,2,0,2,3
7,1,2,1,0,1,1,3,3,3,4,3,2,3,1,3,4,1,4,3,2,0,90,10,0,3,3,2,0,4,3
8,1,3,1,0,1,4,4,4,4,4,4,4,4,4,2,3,4,4,3,3,0,100,0,0,3,3,2,1,4,3
9,1,3,1,2,1,3,3,4,4,4,4,4,4,3,3,4,3,4,3,2,0,70,30,0,3,3,2,1,4,3
10,1,2,1,2,1,3,3,3,3,3,3,3,3,3,3,4,4,2,3,3,0,80,20,0,3,4,2,0,4,4
11,1,1,3,1,1,3,3,4,4,4,4,4,4,3,3,4,3,2,4,4,30,70,0,0,3,3,4,1,2,4
12,1,2,1,2,1,3,3,4,4,4,4,2,4,3,3,3,2,2,3,3,80,20,0,0,3,3,2,1,4,3
13,1,2,1,2,1,2,2,4,4,4,4,3,3,3,3,3,4,3,4,3,3,94,2,1,4,4,2,0,4,3
14,1,3,4,1,1,4,3,4,4,4,4,4,3,1,3,4,4,3,2,1,0,99,1,0,3,3,2,0,2,3
15,1,2,4,2,1,3,2,4,3,3,4,3,4,2,3,3,3,2,2,2,0,100,0,0,4,3,2,0,4,4
16,1,4,1,1,2,4,4,4,4,4,4,4,4,2,4,4,4,4,4,4,0,100,0,0,3,3,1,1,4,4
17,1,3,1,1,1,3,4,4,4,4,4,4,4,2,3,3,4,3,3,3,0,100,0,0,4,3,1,1,4,3
18,1,2,1,1,1,1,1,4,3,4,4,4,3,4,2,3,1,4,3,2,40,50,8,2,3,4,2,0,3,3
19,1,3,1,1,1,3,3,4,4,4,4,3,4,3,1,1,1,4,3,1,50,50,0,0,4,4,2,0,4,3
20,1,3,1,0,1,1,4,4,4,3,4,4,4,3,3,4,1,2,1,1,50,50,0,0,3,4,2,1,4,3
21,1,1,1,0,1,1,3,3,3,3,3,3,4,2,3,4,3,2,3,1,20,70,10,0,3,3,2,1,4,3
22,1,2,2,1,1,2,4,4,4,4,4,3,4,3,4,3,3,1,2,1,0,10,90,0,4,4,4,1,2,3
23,1,3,1,1,1,4,4,4,2,2,4,1,4,4,4,4,4,4,4,4,0,90,10,0,3,3,1,0,2,4
24,1,2,2,0,3,1,4,4,4,4,4,3,4,2,3,4,1,4,4,3,0,100,0,0,3,3,1,1,4,3
25,1,4,2,2,1,4,4,4,4,4,4,4,4,4,4,4,4,3,3,3,0,100,0,0,2,3,2,1,2,3
26,1,2,1,2,3,4,3,4,4,4,4,3,4,3,3,4,3,3,3,3,2,88,5,5,3,3,2,0,4,5
27,1,2,1,1,1,3,4,4,4,4,4,2,4,2,3,4,3,4,4,1,0,90,10,0,4,3,2,1,4,3
28,1,3,2,1,1,4,4,4,2,3,2,1,4,3,4,3,4,4,3,3,0,30,70,0,3,3,2,1,2,3
29,1,3,2,1,1,3,4,4,4,4,4,3,4,4,4,4,2,2,3,2,0,100,0,0,3,3,2,1,3,2
30,1,3,1,1,1,3,3,4,3,4,4,3,4,3,4,4,3,3,4,3,0,100,0,0,3,3,2,1,4,3
31,1,3,12,2,2,4,4,4,4,3,3,3,4,2,3,4,4,4, , ,0,90,10,0,4,3,2,0,2,3
32,1,1,.2,0,1,1,3,4,2,4,4,3,3,0,2,2,3,1,4,3,0,100,0,0,2,2,2,1,3,3
33,1,2,1,0,1,2,3,4,4,3,4,3,4,2,4,2,3,4,4,3,0,90,10,0,4,4,1,0,3,3
34,1,2,1,1,1,3,2,3,3,4,4,3,4,2,3,4,1,1,1,1,0,10,90,0,3,4,2,1,3,3
35,1,4,2,1,1,3,4,4,4,4,4,3,4,2,2,3,4,4,4,3,5,90,5,0,3,4,4,0,4,4
36,1,2,1,0,1,1,3,3,3,3,3,2,3,2,3,3,1,2,3,2,0,95,5,0,4,3,2,0,4,3
37,0, , , , , , , , , , , , , , , , , , , , , , , ,4,4,2,0,4,4
38,1,2,.5,1,1,2,4,4,3,4,4,3,3,3,3,4,2,1,2,2,5,90,5,0,3,2,2,0,4,3
39,1,3,4,1,1,3,4,4,4,4,4,3,4,3,3,2,2,3,4,3,0,100,0,0,4,3,1,0,2,5
40,1,2,2,0,1,1,1,4,4,4,3,1,1,3,1,4,3,4,3,2,0,90,0,10,1,2,2,0,4,3
41,1,2,2,0,1,1,3,4,3,3,3,3,3,2,4,3,3,3,3, ,0,100,0,0,4,3,2,1,4,3
42,1,2,1,1,1,3,3,4,4,4,4,3,4,3,3,4,3,1,3,1,70,30,0,0,4,2,2,0,4,3
43,1,2,3,2,1,3,4,4,4,4,4,3,3,3,2,4,2,3,3, ,0,100,0,0,4,2,2,0,2,3
44,1,2,2,1,2,2,4,4,4,4,4,2,4,1,2,3,2,3,4,2,0,100,0,0,3,4,4,1,2,3
45,1,3,2,2,4,2,2,4,4,4,4,4,4,3,1,4,1,4,4,4,5,40,40,15,4,4,4,0,3,4
46,1,1,1,2,1,3,3,4,4,4,4,2,2,3,3,4,1,1,1,1,5,90,5,0,3,4,2,1,4,3
47,1,2,1,1,1,2,2,4,4,4,4,3,2,2,3,3,3,3,3,3,1,98,1,0,3,4,2,0,2,4
48,1,2,1,1,1,2,3,4,3,3,3,3,4,2,2,4,4,4,3,3,0,90,10,0,3,4,2,0,4,3
49,0, , , , , , , , , , , , , , , , , , , , , , , ,3,4,2,0,4,3
50,0, , , , , , , , , , , , , , , , , , , , , , , ,4,4,2,0,4,4
51,0, , , , , , , , , , , , , , , , , , , , , , , ,4,4,2,0,4,3
52,1,3,2,1,1,3,3,4,3,3,3,3,4,3,3,3,2,2,2,2,25,75,0,0,2,3,2,0,2,4
53,1,3,1,1,1,3,3,4,3,3,4,2,4,3,4,3,1,2,3,2,0,95,5,0,3,3,2,1,4,3
54,0, , , , , , , , , , , , , , , , , , , , , , , ,4,3,2,0,4,3
55,1,2,1,1,3,3,4,4,3,4,4,4,4,3,3,4,2,3,4,2,0,100,0,0,3,2,2,1,3,4
56,1,1,1,0,2,2,4,4,4,4,4,4,4,2,3,4,4,2,4,4,50,10,30,10,2,2,3,1,3,5
57,1,2,1,1,1,1,4,4,4,4,4,4,4,4,1,4,2,2,4,2,0,75,25,0,3,3,2,0,4,5
58,1,2,1,1,2,4,4,4,4,4,4,4,4,3,1,4,2,1,3, ,0,80,20,0,3,2,2,0,4,4
59,1,1,1,1,1,2,3,4,4,4,4,3,3,2,3,3,3,3,3,2,1,97,2,0,3,4,2,0,4,4
60,1,3,1,2,1,4,4,4,3,3,4,3,3,2,2,3,4,3,4,3,30,70,0,0,4,4,2,0,4,3
61,1,3,1,1,1,4,3,4,3,3,4,3,4,3,3,3,3,2,2,1,0,100,0,0,3,3,1,1,4,5
62,1,2,1,0,1,1,1,4,3,3,4,4,3,3,1,2,3,1,4,2,0,90,10,0,3,4,2,1,4,3
63,1,2,2,0,1,3,3,4,4,4,4,4,4,2,3,3,3,3,3,3,0,100,0,0,4,3,2,0,4,3
64,1,2,1,1,1,3,3,4,2,3,4,3,4,2,4,2,4,3,4, ,0,100,0,0,3,2,2,1,4,5
65,1,1,1,1,1,3,3,3,3,3,3,2,3,2,1,2,3,3,3,1,0,100,0,0,4,3,2,1,4,3
66,1,1,1,1,1,3,2,4,3,4,3,3,3,2,4,4,3,2,2,2,0,90,10,0,4,4,2,0,4,3
67,1,2,1,2,1,2,3,4,4,4,4,4,4,4,3,3,3,3,4,4,5,90,5,0,3,4,1,1,4,3
68,1,3,1,1,1,1,1,3,3,3,3,3,4,3,3,2,4,2,3,1,0,50,50,0,2,4,1,1,4,3
69,1,2,1,1,1,3,3,4,4,4,4,2,4,4,3,4,3,1,4,1,0,95,5,0,3,4,2,1,4,3
70,0, , , , , , , , , , , , , , , , , , , , , , , ,3,3,2,1,4,3
71,1,4,1,0,1,1,4,4,4,4,4,4,4,2,4,4,1,4,1,1,0,100,0,0,3,3,1,0,4,3
72,1,3,2,1,1,1,1,3,3,3,3,3,2,3,2,4,2,1,1,1,10,80,10,0,2,2,2,1,4,3
73,1,1,3,1,1,1,3,4,3,4,4,3,4,2,1,2,1,4,3,3,0,40,60,0,3,3,2,0,2,3
74,1,1,4,0,3,1,1,4,4,4,4,4,4,3,2,1,3,3,3,3,0,100,0,0,4,3,2,0,2,5
75,1,1,1,1,1,2,4,4,4,3,4,3,4,3,3,4,2,3,1,1,10,85,5,0,3,3,2,1,2,3
76,1,3,1,2,1,2,3,4,4,4,4,3,4,3,1,4,1,4,3,2,0,95,5,0,3,4,2,1,4,5
77,1,1,.5,1,1,1,1,1,1,1,1,1,1,3,3,3,3,2,3,2,0,95,5,0,4,3,2,1,3,3
78,1,3,3,1,1,2,4,4,3,4,4,3,4,3,4,4,4,2,2,2,5,95,0,0,3,3,2,1,2,2
79,1,2,1,2,2,4,4,4,2,4,4,3,4,2,3,3,3,3,3,3,0,100,0,0,3,2,2,0,2,5
80,1,2,1,0,1,2,3,4,4,4,4,3,3,3,3,3,2,2,1,2,1,97,1,1,2,3,2,0,4,4
81,0, , , , , , , , , , , , , , , , , , , , , , , ,2,2,2,1,3,5
82,1,3,1,1,1,3,3,4,3,3,3,2,4,3,1,4,3,4,3,1,0,95,5,0,4,3,2,1,3,3
83,1,2,1,0,2,3,4,4,4,4,4,2,3,3,2,2,3,2,3,3,0,100,0,0,3,4,1,1,3,3
84,1,3,7,1,1,4,4,4,3,4,4,2,4,3,4,1,4,3,3,3,10,90,0,0,3,3,2,1,3,3
85,1,2,1,0,1,4,4,4,4,4,4,3,4,1,4,4,4,3,4, ,0,100,0,0,4,4,2,1,3,2
86,1,2,1,1,1,2,4,4,4,4,4,3,4,2,4,4,3,1,3,2,0,95,5,0,4,4,2,0,3,3
87,1,1,1,3,1,4,4,4,4,4,4,3,4,3,4,1,4,1,4,1,0,100,0,0,3,3,2,1,5,5
88,1,2,1,1,1,3,2,3,2,3,2,3,3,2,3,3,3,2,3,2,0,100,0,0,3,3,2,0,2,3
89,1,4,3,1,1,4,3,4,4,4,4,4,4,3,3,4,4,3,4,3,15,80,5,0,3,4,4,0,2,3
90,1,4,2,0,1,1,3,4,4,4,4,4,4,3,1,3,3,3,4,4,0,75,25,0,3,4,2,0,2,3
91,0, , , , , , , , , , , , , , , , , , , , , , , ,1,1,2,1,4,5
92,1,2,1,1,1,3,3,3,2,3,4,3,3,3,3,3,1,1,1,1,0,100,0,0,4,4,2,0,4,4
93,1,2,2,1,2,3,4,4,4,4,4,3,4,3,4,4,4,4,4,4,1,98,1,0,4,4,1,1,2,3
94,1,2,1,2,1,3,3,4,4,4,4,3,3,2,4,4,4,3,3,3,50,50,0,0,4,4,2,0,4,4
95,1,3,2,0,1,2,4,4,4,3,3,4,4,4,4,4,4,3,3,2,10,80,10,0,4,4,2,1,2,3
96,0, , , , , , , , , , , , , , , , , , , , , , , ,3,3,2,1,4,3
97,1,3,2,1,1,3,4,4,4,3,3,3,4,3,4,4,4,3,3,2,0,75,25,0,3,4,2,1,2,3
98,1,2,1,1,1,3,3,4,4,4,4,3,3,3,3,4,3,4,4,2,0,80,20,0,4,3,2,1,4,3
99,0, , , , , , , , , , , , , , , , , , , , , , , ,3,3,2,1,4,3
100,1,3,4,1,1,3,3,4,4,4,4,3,3,3,2,4,4,2,3,3,10,75,15,0,3,4,2,1,2,3
101,1,1,.2,0,1,2,3,4,3,4,4,3,3,2,3,1,3,3,3,1,0,95,5,0,3,4,1,0,4,2
102,1,3,1,0,2,1,3,4,3,3,4,2,4,3,4,3,4,2,3,2,0,75,25,0,3,4,2,1,2,2
103,1,3,1,1,1,3,3,3,3,3,3,3,3,3,1,3,1,1,2,1,0,100,0,0,2,3,4,1,2,3
104,1,2,1,1,1,1,4,4,4,4,4,4,4,3,2,2,3,3,3,3,0,100,0,0,2,3, ,1,3,3
105,1,4,1,1,1,3,3,4,3,3,3,1,4,3,4,3,1,2,3,1,0,100,0,0,3,2,2,1,3,2
106,1,2,1,1,1,2,3,4,4,4,4,2,3,3,3,3,1,3,3,2,10,60,30,0,4,2,2,0,3,2
107,1,2,1,1,1,4,4,4,3,4,4,4,4,3,4,4,3,2,2,2,0,99,1,0,3,3,2,1,3,2
108,1,1,.3,2,1,3,4,4,3,3,3,3,4,2,1,4,3,4,3,1,0,100,0,0,2,3,2,1,3,5
109,1,1,1,1,1,2,2,3,3,3,3,4,4,2,1,2,2,3,4,1,10,90,0,0,3,3,2,1,4,3
110,1,2,2,0,1,1,3,4,3,3,3,3,4,3,3,3,2,1,4,4,0,98,2,0,3,3,2,1,2,2
111,1,1,.2,1,1,3,3,4,4,4,3,3,4,2,4,4,1,3,3,2,0,10,90,0,2,3,2,1,2,2
112,1,3,2,2,1,3,3,4,3,2,3,2,4,1,4,4,4,2,2,2,0,100,0,0,3,4,2,1,5,4
113,1,2,1,2,1,2,3,4,4,4,4,3,4,2,3,4,3,3,3,1,0,100,0,0,4,4,2,1,5,5
114,0, , , , , , , , , , , , , , , , , , , , , , , ,3,1,2,1,5,5
115,1,3,2,2,1,2,2,4,4,4,4,2,3,3,2,4,3,2,3,2,50,40,10,0,2,2,2,1,2,5
116,1,3,2,0,1,1,3,4,4,4,4,3,4,3,3,4,2,2,3,1,5,90,5,0,3,3,2,1,2,3
117,1,1,.2,2,1,1,1,3,3,3,3,3,2,3,3,4,2,2,2,2,0,100,0,0,3,4,2,1,5,3
118,0, , , , , , , , , , , , , , , , , , , , , , , ,3,4,2,1,5,5
119,0, , , , , , , , , , , , , , , , , , , , , , , ,3,3,2,0,5,5
120,1,3,2,1,1,3,4,4,4,3,3,3,4,2,3,3,4,3,3,3,0,99,1,0,3,2,2,1,5,3
121,0, , , , , , , , , , , , , , , , , , , , , , , ,2,3,4,1,5,3
122,1,2,1,1,1,1,1,3,3,3,3,1,3,2,2,1,4,1,3,1,0,100,0,0,3,4,2,1,3,3
123,1,2,2,2,1,4,4,4,4,4,4,3,4,2,4,3,2,2,2,2,0,90,10,0,3,3,2,0,2,3
124,1,2,.5,0,1,1,3,4,4,4,4,4,4,2,4,4,4,1,1,1,0,100,0,0,4,4,2,0,4,3
125,1,1,.5,0,1,2,3,3,3,3,4,3,3,3,3,3,2,1,4,2,0,90,10,0,3,4,2,0,4,3
126,1,3,1.5,1,1,4,4,4,4,4,4,2,3,3,3,4,2,4,3,1,50,40,10,0,3,4,2,0,4,3
127,1,3,2,2,2,3,4,4,3,3,4,3,4,3,4,4,4,3,3,2,0,98,2,0,3,3,4,1,4,3
128,1,3,.5,1,1,1,2,3,3,3,3,3,2,2,3,3,1,3,3,2,50,45,5,0,2,2,2,0,3,3
129,1,2,1,1,3,1,2,4,4,4,4,3,4,2,4,4,4,3,4,2,20,70,10,0,4,4,4,1,3,4
130,1,2,1,0,1,2,4,4,4,3,4,4,4,2,4,1,3,4,4,4,0,95,5,0,4,3,1,0,3,3
131,1,1,1,1,1,3,3,4,3,4,4,3,3,1,2,2,3,2,2,2,0,99,1,0,3,3,2,0,4,3
132,1,2,.5,1,1,3,3,4,3,3,4,3,4,3,2,4,4,4,4,3,0,99,1,0,3,4,1,1,4,3
133,1,2,1,0,1,1,2,2,3,3,3,3,3,2,1,3,1,3,2,1,0,100,0,0,3,3,2,0,4,3
134,1,2,2,1,1,3,3,3,3,3,3,3,3,3,3,2,2,4,3,1,0,55,45,0,3,4,2,1,4,3
135,1,2,1,0,1,1,2,4,3,4,3,3,2,1,2,4,2,3,3,1,0,75,25,0,3,3,2,0,4,3
136,1,2,1,0,1,2,4,4,4,4,4,3,4,3,2,2,1,4,4,2,50,0,50,0,4,4,2,0,4,3
137,1,3,1,2,1,3,4,4,4,4,4,4,4,2,4,3,4,4,3,3,0,0,100,0,4,3,2,0,4,5
138,0, , , , , , , , , , , , , , , , , , , , , , , ,3,4,2,1,4,3
139,1,3,1,0,1,2,3,4,4,3,4,2,1,3,1,4,4,4,2,2,0,100,0,0,3,4,2,1,3,3
140,1,3,1,0,1,1, ,4,3,4,4,2,3,3,3,3,4,4,2,2,0,40,60,0,4,3,2,1,3,2
141,1,2,.25,1,1,2,1,3,1,1,3,2,4,3,2,3,3,4,3,2,0,100,0,0,4,4,2,1,2,2
142,1,3,2,0,1,1,3,4,4,4,4,3,4,2,1,4,2,3,3,3,0,100,0,0,4,4,2,0,3,2
143,1,2,1,0,1,1,3,4,3,3,4,3,4,3,3,3,2,1,3,1,0,100,0,0,2,4,1,1,3,3
144,1,3,6,1,1,2,4,4,2,4,3,1,4,3,1,3,1,1,3,1,20,75,5,0,3,3,2,0,2,2
145,1,3,1,0,1,1,1,3,4,3,4,2,3,2,2,4,3,2,3,2,0,95,5,0,3,3,2,0,4,3
146,1,2,1,2,1,2,2,3,3,3,4,3,4,2,4,4,2,4,4,3,10,90,0,0,3,3,1,0,3,2
147,1,3,2,1,1,3,4,4,4,4,4,3,4,1,4,4,3,2,3,2,40,40,10,10,3,3,2,0,2,2
148,1,1,.5,0,1,2,2,3,3,4,4,1,3,2,1,3,3,4,3,1,0,100,0,0,4,4,4,0,3,2
149,1,3,2,0,1,1,2,3,3,3,3,3,4,3,4,4,3,2,3,2,30,60,10,0,3,4,2,1,1,1
150,1,2,1,2,1,3,3,4,4,4,4,4,4,3,2,2,3,3,3,3,0,100,0,0,4,4,2,0,3,3
151,1,2,4,2,1,1,1,1,1,1,1,1,1,1,1,1,1,1,1,1,30,20,20,30,1,1,1,1,3,3
152,1,2,3,0,3,4,3,4,4,4,4,4,4,2,3,3,4,3,3,4,0,100,0,0,4,3,2,0,3,3
153,1,3,3,0,2,3,4,4,4,4,4,4,3,3,2,4,2,4,4,3,30,60,10,0,4,4,2,0,2,3
154,1,2,.5,1,1,2,3,3,4,4,4,2,3,2,2,4,3,1,3,2,10,80,10,0,3,3,2,0,5,5
155,1,2,.25,1,1,3,3,3,3,3,3,3,3,3,3,3,3,2,3,3,0,100,0,0,3,3,2,0,3,3
156,0, , , , , , , , , , , , , , , , , , , , , , , ,4,2,2,1,2,5
157,1,3,1,0,1,1,1,3,3,3,3,3,3,2,4,4,4,1,4,1,0,100,0,0,4,4,2,0,3,3
158,1,2,1,0,1,1,3,3,3,3,3,3,3,2,3,3,3,2,3,2,0,98,2,0,4,4,2,0,2,2
159,1,2,1,1,1,3,2,3,4,4,4,3,3,3,3,4,2,3,3,1,0,100,0,0,2,3,2,0,4,3
160,0, , , , , , , , , , , , , , , , , , , , , , , ,4,3,2,1,3,3
161,1,1,1,2,1,2,3,3,1,2,2,2,3,1,3,2,1,2,3,3,0,75,25,0,4,4,2,0,4,3
162,1,2,3,1,1,3,4,4,4,3, ,3,4,3,3,4,4,3,3,3,0,100,0,0,3,3,2,1,2,2
163,1,3,2,1,1,3,3,4,4,4,4,3,4,3,3,3,3,1,3,1,0,75,25,0,3,3,2,1,2,2
164,1,2,4,2,1,3,4,4,3,3,3,3,4,3,3,3,3,4,4,4,0,95,5,0,3,4,2,1,2,3
165,1,3,1,0,1,2,4,3,4,2,2,2,2,3,1,1,4,3,3,1,0,100,0,0,4,4,2,0,2,2
166,0, , , , , , , , , , , , , , , , , , , , , , , ,2,3,2,1,5,5
167,1,2,.5,1,3,4,2,4,4,4,4,3,4,3,4,3,4,4,3,2,0,80,20,0,4,4,1,0,4,3
168,0, , , , , , , , , , , , , , , , , , , , , , , ,3,3,2,1,3,4
169,1,3,.5,2,1,2,2,3,3,3,3,3,2,2,2,3,1,2,2,1,50,30,20,0,2,2,2,0,3,3
170,1,2,1,0,3,3,4,4,3,4,4,3,4,4,4,4,3,3,4,3,0,50,50,0,4,4,2,0,3,2
171,1,2,1,1,1,1,3,3,3,3,3,1,3,3,3,3,1,3,3,1,0,20,80,0,4,3,2,0,4,3
172,1,2,1,1,1,3,3,3,3,3,3,2,3,2,3,3,3,2,3,2,0,100,0,0,3,3,2,1,4,5
173,1,3,1,0,1,2,2,3,3,3,3,3,3,2,4,4,2,2,3,2,0,100,0,0,4,4,2,0,4,3
174,1,2,.5,1,1,1,1,3,3,3,3,3,2,2,3,3,2,2,2,2,0,80,0,20,3,3,2,0,3,4
175,1,3,1,1,1,2,4,3,2,3,3,3,4,0,3,3,3,3,4,3,50,40,5,5,3,3,1,1,4,5
176,1,1,1,0,1,1,3,4,4,4,4,3,4,3,3,3,3,3,3,3,0,100,0,0,3,3,4,1,3,4
177,1,3,2,0,1,3,4,4,4,4,4,4,4,1,3,3,3,3,3,3,0,100,0,0,3,3,4,1,3,4
178,1,2,6,1,1,2,3,4,4,4,4,2,4,3,2,3,2,3,2,3,0,100,0,0,4,4,2,0,3,3
179,1,1,.25,0,1,1,1,4,4,4,4,1,4,3,3,2,1,1,1,1,50,50,0,0,3,3,2,0,4,3
180,1,2,1,0,1,2,3,3,2,3,3,2,3,3,1,4,3,3,3,2,20,80,0,0,3,3,2,0,2,2
181,1,2,.25,0,1,3,3,4,4,4,4,4,4,2,2,4,2,2,3,1,0,50,50,0,3,3,2,0,3,3
182,1,1,1,0,1,1,1,4,4,4,4,4,4,2,4,2,2,3,3,1,0,100,0,0,4,4,2,0,3,2
183,1,2,1,1,1,3,4,4,3,3,3,2,4,2,4,2,3,2,3,3,0,100,0,0,3,3,1,1,2,2
184,1,1,1,0,2,1,4,4,1,4,4,4,4,1,4,4,1,4,4,3,0,100,0,0,4,3,1,0,2,5
185,1,1,1,1,1,2,2,4,4,4,4,3,3,3,3,4,3,2,2,2,0,100,0,0,4,4,2,0,3,2
186,1,1,1,0,1,1,4,3,3,3,3,2,4,0,3,1,3,1,1,3,0,100,0,0,3,3,2,0,2,5
187,1,1,1,1,1,3,3,3,3,3,3,2,3,2,3,2,3,2,2,3,0,100,0,0,4,3,2,1,3,5
188,1,3,3,2,1,3,3,3,2,3,4,4,4,1,1,4,4,4,4,3,30,20,30,20,3,3,1,1,3,3
189,0, , , , , , , , , , , , , , , , , , , , , , , ,2,2,2,1,3,2
190,1,1,1,2,2,4,4,4,4,4,4,4,4,2,3,4,4,4,2,1,0,100,0,0,3,4,2,1,3,5
191,1,3,3,1,1,1,1,2,4,4,4,4,4,3,3,3,2,1,4,1,0,100,0,0,4,4,2,1,3,2
192,1,1,1,0,1,3,3,1,1,1,1,1,1,3,1,4,4,1,1,1,25,25,25,25,4,4,2,0,4,3
193,1,3,2,1,1,3,3,4,4,4,4,4,4,2,2,2,3,2,3,2,30,70,0,0,4,3, ,0,3,3
194,0, , , , , , , , , , , , , , , , , , , , , , , ,3,4,2,0,3,3
195,0, , , , , , , , , , , , , , , , , , , , , , , ,2,1,2,0,3,3
196,0, , , , , , , , , , , , , , , , , , , , , , , ,4,4,2,0,3,2
197,1,3,1,1,1,3,4,4,4,4,4,4,4,1,3,3,3,3,3,3,25,25,25,25,4,4,2,0,3,2
198,1,4,2,1,4,3,3,3,3,3,3,3,3,3,3,3,3,3,3,3,0,100,0,0,3,4,2,0,2,2
199,1,4,4,1,1,2,2,4,4,4,3,3,3,3,4,4,3,2,2,2,14,85,1,0,4,3,2,1,3,2
200,0, , , , , , , , , , , , , , , , , , , , , , , ,3,3,2,1,2,4
201,1,2,5,2,1,2,3,3,2,3,3,2,4,3,3,3,3,2,3,2,0,100,0,0,3,3,2,1,3,2
202,1,2,1,2,1,3,3,3,3,3,3,3,3,2,3,3,3,2,3,3,0,100,0,0,3,4,2,1,4,3
203,1,2,1,1,1,2,3,3,3,4,4,4,4,3,2,4,1,2,3,2,0,100,0,0,2,2,4,1,2,3
204,1,1,.2,3,1,3,3,4,4,4,4,2,4,3,4,4,4,1,4,1,0,100,0,0,4,4,2,1,3,5
205,1,2,1,2,1,4,3,4,4,4,4,3,4,3,4,4,4,4,4,1,0,100,0,0,3,4,2,1,4,3
206,1,3,1,1,1,4,4,4,4,4,4,4,4,3,4,1,4,1,4,3,0,90,10,0,1,1,2,1,3,3
207,1,2,4,0,1,1,4,4,3,3,3,2,4,3,3,4,3,3,4,3,4,75,20,1,3,4,2,1,2,2
208,0, , , , , , , , , , , , , , , , , , , , , , , ,3,3,2,0,5,5
209,1,2,1,1,1,2,4,4,3,3,4,3,4,2,3,3,1,1,4,1,0,100,0,0,4,4,2,1,4,3
210,1,2,1,3,1,1,1,3,1,1,2,1,3,3,2,4,2,2,3,2,0,90,10,0,3,4,3,1,4,5
211,1,3,3,2,2,1,1,3,4,3,4,3,1,4,1,4,1,1,3,2,60,35,5,0,3,2, ,0,2,2
212,1,2,2,0,1,3,3,4,4,4,4,3,3,3,3,3,2,2,2,2,3,95,2,0,2,2,2,0,2,4
213,0, , , , , , , , , , , , , , , , , , , , , , , ,2,3,2,0,4,5
214,1,2,1,0,1,3,4,4,4,4,4,4,4,3,4,4,4,1,3,2,10,70,20,0,3,4,2,1,4,3
215,0, , , , , , , , , , , , , , , , , , , , , , , ,4,3,1,0,3,5
216,1,3,1,1,1,2,2,2,2,2,2,2,2,1,1,4,1,1,1,1,5,90,5,0,3,3,2,1,4,3
217,1,2,1,1,1,3,3,3,3,3,3,2,4,2,3,3,3,2,3,2,0,100,0,0,4,3,2,1,4,5
218,1,3,1,1,1,3,3,3,2,3,3,2,3,3,4,3,2,3,3,3,0,98,2,0,3,3,2,1,4,3
219,1,2,.3,1,2,3,4,4,4,4,4,3,4,2,3,2,3,4,4,3,0,50,50,0,3,4,1,1,4,3
220,1,1,1,1,4,4,4,1,2,2,1, ,3,1,1,4,1,3,3,2,0,100,0,0,3,4,2,0,4,3
221,1,1,1,1,1,1,3,3,2,4,4,3,4,3,2,1,4,1,3,2,0,75,25,0,3,4,2,1,3,4
222,0, , , , , , , , , , , , , , , , , , , , , , , ,4,4,2,1,4,3
223,1,3,2,0,1,2,3,4,4,4,4,3,4,3,1,3,3,2,2,2,0,80,20,0,3,4,1,0,2,3
224,1,2,1,3,1,4,4,4,4,4,4,3,4,3,4,4,4,4,3,3,15,50,25,10,3,4,2,1,4,3
225,1,1,1,0,1,1,2,4,4,4,4,3,3,2,3,3,3,3,2,2,0,95,5,0,3,2,2,0,4,3
226,1,1,5,1,1,3,4,4,4,4,4,4,4,3,1,1,4,3,3,1,0,75,25,0,3,3,1,1,2,3
227,1,2,1,2,1,3,4,4,3,4,4,2,4,2,4,4,4,4,2,2,0,100,0,0,3,4,2,1,4,3
228,1,3,1,0,1,1,1,3,3,3,2,3,2,4,4,4,4,2,3,1,0,100,0,0,4,4,2,1,3,2
229,1,2,2,0,1,3,4,4,4,4,4,3,4,3,3,4,4,2,2,1,2.5,95,2.5,0,3,3,2,1,2,3
230,1,3,1,2,1,2,3,3,3,3,3,2,3,2,3,3,3,3,4,3,0,80,20,0,3,2,2,1,3,3
231,1,2,1,0,1,1,2,4,4,3,3,3,3,2,2,4,4,3,3,2,0,99,1,0,2,4,2,1,3,3
232,1,3,2,2,2,3,3,3,3,4,4,3,3,1,4,1,2,4,4,2,0,100,0,0,4,4,1,1,4,3
233,1,2,1,1,1, ,2,4,4,4,4,3,4,3,3,3,4,3,3,3,0,100,0,0,3,3,2,1,4,3
234,1,2,3,2,4,4,4,4,4,4,4,4,4,3,4,1,3,4,4,1,0,80,20,0,3,3,2,0,3,3
235,1,2,1,1,1,3,3,4,3,4,4,2,4,3,3,4,2,2,4,3,0,97,3,0,3,4,2,1,4,3
236,1,3,2,0,1,2,4,4,4,4,4,3,4,3,4,2,3,4,3,1,0,75,25,0,3,4,1,1,4,3
237,1,3,3,2,1,3,3,4,4,4,4,3,3,2,3,4,2,3,3,3,5,90,5,0,3,3,2,0,2,3
238,1,2,1,2,1,2,3,4,4,3,3,3,3,3,3,3,4,3,2,2,10,80,10,0,3,3,2,0,4,3
239,1,2,2,0,1,3,4,4,4,3,3,3,4,2,4,4,2,1,4,1,1,90,9,0,4,3,2,1,5,4
240,1,2,1,1,1,1,1,4,3,3,3,2,2,2,1,4,2,3,2,1,75,20,5,0,4,4,2,0,3,2
241,1,1,1,1,2,1,3,4,3,3,3,2,3,2,1,1,1,3,4,4,0,100,0,0,3,2,2,0,4,3
242,1,2,3,2,1,4,3,3,4,4,4,3,4,3,3,4,1,3,3,2,10,80,10,0,4,3,2,0,2,3
243,1,3,1,0,1,1,1,3,4,3,3,2,3,3,3,4,1,3,3,3,50,50,0,0,3,3,2,0,4,3
244,1,2,2,1,1,1,3,3,3,3,3,3,1,3,1,3,2,2,1,1,95,5,0,0,3,3,1,1,4,3
245,1,1,1,1,1,2,2,3,3,3,3,1,4,2,3,3,1,1,3,1,10,80,10,0,3,2,2,1,5,5
246,1,3,2,1,1,4,3,4,3,3,3,3,4,3,4,4,3,2,2,2,0,99,1,0,3,3,2,1,2,5
247,1,2,1,2,1,2,4,3,3,3,3,2,4,3,3,4, ,2,3,3,0,90,10,0,3,3,1,0,4,3
248,1,2,1,0,1,1,1,3,1,3,3,1,2,2,3,4,4,3,3,1,0,99,1,0,1,3,1,1,4,3
249,1,2,1,1,3,4,4,4,4,4,4,4,4,3,3,4,4,4,3,3,4,90,5,1,2,3,1,1,4,4
250,1,2,1,2,1,2,2,4,2,2,3,1,4,0,3,1,1,2,1,2,0,80,20,0,4,3,1,0,4,5
251,1,2,1,2,1,3,3,4,4,3,4,3,4,2,3,2,3,3,3,3,0,80,20,0,4,4,2,0,4,3
252,1,3,1,0,1,3,4,4,4,4,4,4,4,1,4,4,2,2,2,2,70,20,10,0,2,4,1,1,3,3
253,1,2,2,1,1,3,3,3,3,3,3,3,3,3,3,3,3,3,3,3,0,50,50,0,3,3,1,0,2,5
254,1,3,1,2,2,2,3,4,4,4,4,3,4,3,4,3,3,3,2,1,0,100,0,0,3,3,1,1,3,3
255,1,3,2,0,3,3,4,4,3,3,4,3,4,3,3,4,4,4,2,2,0,95,5,0,4,3,3,0,2,3
256,1,1,1,1,1,2,4,4,4,4,4,2,3,2,3,4,2,2,2,2,10,85,5,0,4,4,2,0,4,3
257,0, , , , , , , , , , , , , , , , , , , , , , , ,4,4,2,0,4,3
258,1,2,.2,2,1, ,1,4,3,4,3,2,3,3,3,4,1,1,2,1,0,95,5,0,3,2,2,0,5,5
259,1,3,1,0,2,1,3,4,4,4,4,3,3,3,2,4,3,3,3,3,5,90,5,0,3,4,2,0,4,3
260,1,2,1,2,1,3,3,4,3,3,3,3,4,3,4,4,2,2,3,1,0,100,0,0,4,3,2,0,4,3
261,1,3,1,1,1,3,4,4,4,3,4,2,3,2,4,3,4,1,3,1,0,100,0,0,4,4,2,0,5,3
262,1,2,1,1,1,3,4,4,4,4,4,4,4,3,2,4,3,3,3,3,50,50,0,0,3,4,2,0,5,3
263,0, , , , , , , , , , , , , , , , , , , , , , , ,4,3,4,0,5,5
264,1,2,1,0,1,1,2,3,3,3,3,3,3,1,3,3,3,1,1,1,0,100,0,0,4,4,2,0,5,3
265,0, , , , , , , , , , , , , , , , , , , , , , , ,3,4,2,0,5,4
266,1,3,3,0,1,1,2,3,3,3,3,3,4,2,3,4,2,1,2,1,0,100,0,0,3,3,2,1,5,3
267,1,2,1,0,1,1,2,4,4,4,4,4,4,3,3,3,1,4,3,3,25,75,0,0,3,3,2,0,5,3
268,1,2,1,1,1,3,3,4,3,2,3,2,4,2,2,4,3,2,3,2,10,90,0,0,3,2,2,1,5,4
269,1,1,1,0,1,1,1,4,4,3,4,2,4,2,1,4,3,1,2,1,0,100,0,0,4,4,3,0,5,3
270,1,3,2,1,1,3,3,3,3,3,3,2,4,3,2,3,4,3,3,2,10,90,0,0,3,3,2,1,3,3
271,0, , , , , , , , , , , , , , , , , , , , , , , ,3,4,2,0,3,2
272,1,1,1,0,1,1,2,4,4,4,4,2,4,2,1,3,2,1,3,1,0,100,0,0,4,3,2,0,3,2
273,1,3,1,1,1,2,2,3,3,4,3,3,3,2,2,4,3,1,3,1,25,75,0,0,3,4,2,1,3,2
274,1,2,2,1,1,1,1,3,1,1,1,1,1,2,1,3,3,1,1,1,5,90,5,0,3,4,2,1,2,2
275,1,3,4,3,1,1,3,4,4,4,4,3,3,3,2,4,2,3,3,2,0,100,0,0,4,4,2,0,3,5
276,1,2,1,2,3,3,3,3,3,3,3,3,3,2,3,3,3,3,4,2,0,100,0,0,4,3,2,1,3,5
277,1,2,1,1,1,3,3,4,2,4,4,2,4,3,4,3,3,3,4,1,0,50,50,0,3,4,2,1,5,4
278,1,1,.5,1,1,2,3,3,1,3,3,1,4,1,4,3,1,1,2,2,0,95,5,0,2,3,2,1,4,3
279,1,2,2,1,1,2,2,4,4,4,4,3,4,2,2,4,4,1,2,1,0,100,0,0,3,3,2,1,4,3
280,1,3,1,1,1,3,3,3,3,4,4,3,4,2,3,4,4,3,4,3,10,80,10,0,3,3,2,1,3,3
281,0, , , , , , , , , , , , , , , , , , , , , , , ,4,2,2,0,3,5
282,1,2,2,0,2,2,4,4,4,4,4,2,4,2,4,3,4,4,4,4,0,90,9,1,4,4,1,1,3,2
283,1,2,1,2,1,2,2,4,4,4,4,3,4,2,4,4,4,3,4,4,0,100,0,0,4,4,2,0,3,2
284,1,2,1,1,1,1,1,3,2,2,2,1,3,3,4,4,4,4,4,4,1,99,0,0,2,3,2,1,4,3
285,1,2,1,1,2,2,3,3,4,4,4,3,3,3,4,3,1,3,3,2,0,97,1,2,3,3,2,0,4,3
286,1,2,1,1,1,3,3,4,4,4,4,4,4,3,3,3,3,3,4,1,0,50,50,0,4,3,2,1,3,2
287,0, , , , , , , , , , , , , , , , , , , , , , , ,4,3,2,0,3,5
288,1,3,3,2,1,3,3,4,3,4,4,2,4,3,3,4,3,1,3,1,25,75,0,0,4,3,2,1,4,3
289,1,3,1,1,1,3,3,3,3,4,4,3,4,2,3,4,2,3,3,3,0,75,25,0,2,2,2,1,4,5
290,1,3,2,1,1,3,3,3,3,3,3,3,3,3,3,3,1,1,1,1,20,70,10,0,3,3,2,0,3,2
291,1,1,.2,0,1,1,3,3,2,2,3,1,4,2,2,1,4,3,3,1,0,100,0,0,3,1,2,1,4,2
292,1,2,1,2,1,1,2,3,3,3,3,2,4,2,1,4,4,1,1,1,25,45,5,25,3,3,4,1,4,3
293,1,3,1,0,1,1,3,4,4,3,3,4,4,3,3,4,3,4,4,2,0,95,5,0,4,3,2,1,3,2
294,0, , , , , , , , , , , , , , , , , , , , , , , ,4,4,2,0,4,3
295,1,2,1,1,1,3,3,3,3,3,3,2,3,2,3,2,1,4,4,2,0,70,30,0,3,3,2,0,3,4
296,1, ,.5,1,3,1,3,4,4,3,3,1,3,2,2,4,1,2,3,1,50,50,0,0,4,3,2,0,4,5
297,1,1,1,1,3,2,2,3,3,4,4,3,3,3,3,3,2,4,4,3,0,90,10,0,4,4,2,0,3,2
298,1,3,3,3,1,4,4,4,4,4,4,4,4,1,3,4,4,4,4,4,0,99,1,0,3,4,2,1,2,2
299,1,2,1,0,1,3,3,4,3,4,4,3,4,2,4,4,3,2,3,2,10,40,40,10,4,4,2,0,3,2
300,1,2,.25,0,1,2,4,4,4,4,4,4,4,2,3,3,3,3,4,3,0,100,0,0,4,4,2,0,4,3
301,1,1,1,0,1,1,2,3,3,3,4,2,3,3,3,3,1,1,3,1,0,90,10,0,2,2,2,0,5,5
302,1,2,1,0,1,1,3,3,3,3,3,2,3,3,1,4,3,3,3,2,0,100,0,0,3,3,2,1,4,3
303,1,2,3,1,1,1,3,4,4,3,4,4,4,2,4,3,2,1,3,2,0,95,5,0,3,3,2,1,3,2
304,1,3,.5,1,1,3,3,3,3,4,4,3,4,3,4,3,3,2,2,2,5,85,10,0,3,3,2,1,4,5
305,1,3,1,1,1,3,4,4,4,4,4,4,4,3,3,3,2,2,3,3,0,50,50,0,4,2,2,0,3,5
306,1,2,1,0,1,3,4,4,4,4,4,4,4,3,2,2,2,4,4,2,0,75,25,0,3,3,1,0,2,2
307,1,3,3,1,1,4,3,4,4,4,4,3,3,3,3,4,3,2,2,2,0,100,0,0,4,4,2,0,4,3
308,0, , , , , , , , , , , , , , , , , , , , , , , ,4,3,2,0,4,3
309,0, , , , , , , , , , , , , , , , , , , , , , , ,4,3,2,1,4,5
310,1,1,.6,1,1,3,4,3,3,4,3,3,4,2,3,4,3,3,3,2,0,100,0,0,3,4,4,0,5,5
311,1,2,.25,0, , , ,4,3, ,2,1,3,1,2, ,3,2,3,3,0,100,0,0,3,3,4,0,5,5
312,1,1,.3,0, , , , , , , , , , , , , , , , ,0,90,10,0,1,1,1,1,2,2
313,1,3,1,1,1,4,4,3,3,3,3,3,4,2,3,4,3,4,4,3,0,80,20,0,4,4,2,1,5,3
314,1,3,1,0,3,3,4,4,4,4,4,3,4,3,4,4,3,3,3,3,0,75,25,0,3,3,3,1,5,3
315,0, , , , , , , , , , , , , , , , , , , , , , , ,4,3,2,0,5,4
316,0, , , , , , , , , , , , , , , , , , , , , , , ,3,3,2,1,5,3
317,1,4,1,2,1,3,3,4,4,4,4,3,3,2,2,3,3,3,4,2,0,99,1,0,4,4,2,0,5,5
318,1,3,2,0,1,1,4,4,4,4,4,3,4,1,2,4,3,2,3,1,5,95,0,0,4,3,4,1,5,5
319,1,3,1,1,2,3,4,4,4,4,4,4,4,2,3,4,4,3,3,3,0,98,2,0,3,3,4,1,5,5
320,1,1,1,0,1,1,1,2,1,1,1,1,1,2,1,4,1,1,1,3,0,98,2,0,4,4,2,0,2,3
321,1,3,3,1,1,2,2,4,4,4,4,4,3,3,1,4,2,1,3,2,0,100,0,0,3,3,2,0,5,3
322,1,2,1,1,1,3,2,2,2,2,2,2,2,0,3,4,1,1,2,1,0,95,5,0,3,3,2,1,5,5
323,1,2,3,2,1,4,4,4,4,2,4,3,4,2,1,4,1,1,1,1,15,85,0,0,3,3,2,0,5,5
324,0, , , , , , , , , , , , , , , , , , , , , , , ,3,2,2,0,5,4
325,1,2,.5,1,1,3,4,4,4,3,3,4,4,3,3,4,2,4,3,3,0,100,0,0,2,3,2,1,5,3
326,1,2,1,0,1,2,4,4,4,4,4,4,4,1,3,4,4,2,2,2,0,95,5,0,3,4,1,1,5,4
327,1,2,1,1,1,3,4,4,4,4,4,2,4,3,4,4,2,4,3,2,0,75,25,0,3,4,2,1,5,5
328,0, , , , , , , , , , , , , , , , , , , , , , , ,4,3,2,1,5,5
329,1,2,2,2,1,3,4,4,4,4,4,4,4,3,4,4,4,2,4,1,50,50,0,0,3,3,2,0,5,5
330,1,2,.75,0,3,1,3,4,4,4,4,3,3,3,2,3,2,2,4,2,0,100,0,0,4,2,2,0,5,3
331,1,2,1,1,1,2,3,4,4,3,3,2,4,3,3,4,4,2,3,2,0,100,0,0,3,3,2,1,5,3
332,0, , , , , , , , , , , , , , , , , , , , , , , ,4,2,2,0,5,5
333,1,1,.5,0,1,2,3,4,3,4,4,4,3,2,4,2,4,1,3,2,0,95,5,0,3,3,2,0,5,3
334,1,2,1,1,1,2,2,4,4,4,4,1,2,3,2,4,2,2,2,2,0,100,0,0,3,3,2,0,5,5
335,1,2,.25,1,1,3,4,4,3,3,4,2,4,2,3,2,2,2,3,3,0,75,25,0,4,4,2,0,5,5
336,1,2,1,0,1,1,3,3,3,3,3,2,4,2,3,3,2,1,1,1,0,100,0,0,3,3,2,1,5,3
337,1,2,1,2,1,3,4,3,2,3,3,2,4,3,3,2,3,3,3,2,0,75,25,0,3,2,2,0,5,3
338,1,3,1,2,2,3,3,1,1,1,1,1,1,3,3,1,3,1,1,3,5,95,0,0,4,3,2,0,5,3
339,1,2,1,0,1,1,3,4,3,3,4,1,4,0,4,1,3,1,1,1,0,100,0,0,3,3,2,0,5,5
340,1,2,1,0,1,1,4,3,4,3,4,2,4,2,2,4,3,1,3,2,20,80,0,0,3,2,2,1,3,5
341,1,2,1,1,1,3,4,4,4,4,4,4,4,0,4,1,1,1,4,1,1,49,50,0,4,4,2,0,4,3
342,1,1,1,1,1,2,2,4,4,4,4,3,4,3,3,4,4,1,2,1,0,100,0,0,3,4,2,0,4,2
343,1,3,3,2,1,4,4,4,4,4,4,4,4,1,4,4,4,4,4,4,25,25,25,25,4,4,1,1,3,3
344,1,3,3,1,1,4,4,4,4,4,4,1,4,3,4,3,4,2,4,2,10,40,50,0,3,2,2,1,4,3
345,1,1,2,1,1,3,3,4,4,4,4,4,4,3,4,4,4,1,1,1,0,100,0,0,4,4,2,0,4,3
346,0, , , , , , , , , , , , , , , , , , , , , , , ,3,2,2,1,5,5
347,1,1,.2,2,1,4,4,4,4,4,4,3,4,0,4,2,2,3,4,2,0,100,0,0,3,4,2,1,5,3
348,1,1,.25,0,1,1,2,2,2,2,2,1,2,3,1,1,1,3,3,1,0,100,0,0,3,2,2,1,5,5
349,1,1,1,2,1,3,1,3,2,3,3,2,1,2,1,3,1,3,3,2,10,90,0,0,3,4,2,0,5,4
350,0, , , , , , , , , , , , , , , , , , , , , , , , ,3,4,0,5,5
351,1,1,.2,1,1,2,3,4,3,2,2,2,3,0,1,3,1,1,3,1,0,100,0,0,1,1,2,1,5,5
352,1,3,3,2,1,3,4,4,4,4,4,3,4,2,2,4,3,1,2,2,0,100,0,0,4,3,2,0,5,5
353,1,3,1,1,1,4,3,4,2,4,4,3,4,3,4,3,4,4,4,3,5,90,5,0,4,4,1,1,3,3
354,1,3,2,1,2,3,4,3,4,4,4,4,3,3,2,4,4,1,4,2,0,70,30,0,3,3,2,0,2,2
355,1,2,2,0,1,2,3,4,4,4,4,4,4,3,1,2,4,4,4, ,0,100,0,0,4,4,2,0,4,4
356,1,1,2,2,1,1,1,4,4,4,4,2,4,2,4,4,1,1,3,2,10,90,0,0,3,3,1,1,1,2
357,1,4,4,2,2,4,4,4,4,4,4,4,4,1,1,1,4,4,4,1,0,100,0,0,3,4,1,1,3,3
358,1,2,1,1,1,4,4,4,3,3,3,2,4,2,4,4,4,2,2,2,0,50,50,0,3,2,2,1,2,3
359,1,4,4,1,1,1,1,4,3,3,3,3,1,2,4,2,4,2,4,3,0,98,2,0,4,4,2,0,3,2
360,1,3,1,0,1,1,1,4,4,4,4,3,2,3,4,4,4,3,2,2,0,80,20,0,3,3,2,0,3,2
361,1,2,.5,3,1,3,3,3,2,4,4,4,4,2,1,4,1,3,4,4,0,98,2,0,4,2,2,0,3,4
362,1,1,1,2,1,1,1,3,3,3,3,1,1,3,3,1,1,3,2,2,0,100,0,0,3,4,2,0,3,2
363,1,2,1,0,1,1,3,4,3,3,3,3,4,2,1,1,4,4,1,1,0,100,0,0,4,4,1,0,3,3
364,1,3,5,1,1,3,3,4,4,4,4,2,4,3,4,4,3,1,3,1,0,100,0,0,4,4,2,0,3,2
365,1,3,2,3,1,3,3,4,3,3,3,1,4,3,2,4,3,2,3,1,0,90,10,0,3,4,2,1,3,5
366,1,3,.5,0,2,1,4,4,3,3,3,3,4,2,1,4,1,2,4,3,20,75,5,0,3,4,2,0,3,2
367,1,3,2,2,1,2,2,3,3,4,4,3,3,2,3,3,4,4,3,2,0,100,0,0,2,3,2,0,3,2
368,0, , , , , , , , , , , , , , , , , , , , , , , ,3,3,2,0,2,4
369,1,2,2,1,1,3,4,4,4,4,4,2,4,2,4,3,3,4,3,3,0,70,30,0,3,4,2,1,2,2
370,1,4,1,1,3,2,4,4,3,4,4,3,3,3,3,4,4,3,4,3,0,90,10,0,4,3,2,0,4,5
371,1,1,1,1,1,3,4,4,4,4,4,3,4,2,4,3,1,4,4,2,0,95,5,0,2,3,2,1,2,2
372,1,3,2,1,1,1,4,4,4,4,4,4,4,1,1,1,1,3, ,1,0,100,0,0,3,3,2,1,3,2
373,1,1,1,1,1,3,3,4,2,4,4,4,4,3,4,1,4,2,1,1,0,75,25,0,4,4,1,1,3,3
374,1,1,1,1,1,2,4,4,4,2,3,3,4,3,3,4,3,1,3,3,0,50,50,0,4,4,2,1,3,3
375,1,1,1,1,1,3,4,4,4,4,4,3,4,3,2,4,3,3,3,3,0,100,0,0,4,4,4,1,5,4
376,1,1,1,1,1,2,3,3,3,4,4,3,3,3,4,4,2,2,2,2,0,75,25,0,4,4,2,1,4,5
377,1,2,1,2,2,3,3,4,4,4,4,3,3,3,3,2,3,4,3,2,0,90,10,0,4,4,2,0,4,3
378,1,2,2,0,1,2,4,4,3,3,4,3,4,2,2,3,3,3,2,2,0,100,0,0,3,3,1,1,3,2
379,1,2,.4,1,1,3,2,4,4,4,4,3,4,4,3,4,2,1,2,2,90,10,0,0,3,4,2,0,3,2
380,1,2,2,1,1,3,1,4,4,4,4,4,3,3,2,4,3,1,1,1,0,90,10,0,4,2,2,1,3,2
381,1,1,3,0,2,3,4,4,4,4,4,4,4,3,3,4,4,2,3,3,15,85,0,0,2,2,4,1,4,4
382,1,2,2,1,1,1,1,3,3,3,3,2,2,2,2,2,2,3,4,2,0,100,0,0,4,4,2,0,4,3
383,1,2,2,1,1,3,4,4,4,4,4,2,4,3,4,4,3,3,4,3,0,100,0,0,3,3,2,1,4,4
384,1,1,4,2,1,3,3,4,2,4,4,2,4,3,4,2,4,3,3,2,0,95,5,0,2,4,2,1,4,3
385,1,2,2,1,1,3,4,4,4,4,4,4,3,1,4,4,3,2,4,2,0,90,10,0,4,4,4,0,3,4
386,1,3,1,1,2,2,2,3,4,4, ,3,4,3,4,4,1,3,3,2,0,100,0,0,3,3,2,1,4,5
387,1,1,1,1,1,2,2,3,2,3,3,1,4,3,1,1,4,4,4,1,0,100,0,0,3,3,1,1,3,3
388,1,2,2,1,1,3,3,4,3,3,4,3,4,3,2,2,3,3,4,3,0,70,25,5,3,3,2,1,4,3
389,0, , , , , , , , , , , , , , , , , , , , , , , ,3,3,2,1,2,2
390,1,4,1,0,1,3,4,4,4,4,4,4,4,4,2,4,3,4,3,3,2,98,0,0,3,2,2,0,4,5
391,1,2,0,2,1,3,3,4,4,4,3,3,3,2,4,3,3,4,3,2,0,80,20,0,3,3,2,0,4,5
392,1,3,2,1,1,2,3,4,3,4,4,4,4,4,3,4,2,3,3,2,0,90,10,0,4,4,2,1,2,2
393,1,1,.5,2,1,1,3,3,3,3,3,1,4,1,4,1,3,4,1,1,0,0,100,0,4,4,2,1,3,2
394,1,3,2,1,3,3,3,4,4,3,4,3,3,3,3,4,2,4,3,2,0,100,0,0,4,4,1,0,2,2
395,1,2, ,1,1,1,2,4,3,3,4,3,4,2,3,3,4,2,3,3,0,95,5,0,2,3,1,1,3,3
396,1,3,1,1,1,2,3,4,3,4,4,2,3,2,4,4,1,2,3,2,50,40,10,0,4,2,3,0,1,1
397,0, , , , , , , , , , , , , , , , , , , , , , , ,4,3,2,1,3,2
398,1,3,2,0,2,2,4,3,3,3,3,3,3,1,3,2,3,2,2,3,0,100,0,0,3,2,2,0,3,2
399,1,2,2,0,1,3,4,4,3,4,4,3,4,2,4,2,3,4,3,3,0,99,1,0,4,4,1,1,2,2
400,1,3,3,1,1,4,2,3,3,3,3,3,4,3,3,4,2,2,3,1,0,80,20,0,3,4,2,1,2,2
401,1,2,1,1,1,2,2,4,4,4,4,4,4,4,2,3,3,3,3,3, , , , ,3,3,2,1,3,3
402,1,3,1,1,1,4,4,3,1,2,3,2,4,3,2,3,4,2,3,3,0,90,10,0,4,3,1,1,2,1
403,1,3,3,1,1,3,3,4,4,4,4,3,4,3,4,4,3,4,3,2,0,90,10,0,3,3,1,1,1,2
404,1,1,.4,1,1,1,4,4,4,4,4,4,4,3,4,4,4,4,3,3,0,50,50,0,2,2,1,1,2,2
405,1,4,2,2,3,4,4,4,4,4,4,4,4,3,2,3,4,2,2,3,0,60,40,0,2,4,2,0,2,3
406,1,2,2,1,1,1,3,3,2,2,2,1,4,3,3,4,4,1,1,3,0,100,0,0,4,4,4,1,2,3
407,0, , , , , , , , , , , , , , , , , , , , , , , ,1,2,1,1,3,2
408,1, , , , , , , , , , , , , , , , , , , , , , , ,4,3,2,0,3,2
409,1,2,2,0,2,2,3,3,3,1,1,3,3,3,3,3,3,1,1,1,90,10,0,0,2,2,2,0,2,2
410,1,3,2,1,3,4,3,4,4,3,3,3,3,3,4,4,3,4,4,2,0,95,5,0,4,4,1,0,3,2
411,1,1,1,0,1,1,3,4,4,4,4,3,4,2,1,3,3,3,3,3, , , , ,1,1,4,1,2,2
412,1,2,1,1,1,2,1,3,1,1,3,1,1,2,4,4,1,4,2,1,0,100,0,0,2,4,2,0,2,2
413,1,2,1,0,1,3,3,3,3,4,4,2,4,3,3,3,3,4,3,1,0,80,20,0,3,4,1,1,3,4
414,1,3,1,0,1,1,3,3,3,3,3,3,3,2,3,3,3,1,3,3,0,95,5,0,4,3,2,1,3,2
415,1,4,3,1,1,3,4,4,4,4,4,3,4,3,3,4,4,3,3,3,0,75,25,0,3,4,2,1,4,3
416,1,3,2,0,1,1,3,3,3,3,4,2,4,2,3,3,3,2,1,1,25,55,19,1,4,4,2,1,3,2
417,1,3,2,0,1,1,1,2,1,1,2,1,1,0,1,3,2,3,3,2,0,40,60,0,4,2,2,0,1,2
418,1,1,.1,1,1,3,3,3,2,2,3,1,4,1,1,3,3,3,3,3,0,100,0,0,4,4,2,0,4,5
419,0, , , , , , , , , , , , , , , , , , , , , , , ,4,4,1,1,3,5
420,1,3,1,2,1,3,4,4,4,4,4,3,4,2,2,3,4,4,4,4,0,80,10,10,4,4,1,1,3,2
421,1,2,0,1,1,2,4,4,3,2,3,3,4,2,1,4,1,3,3,2,0,50,50,0,1,3,2,1,1,1
422,1,1,.16,2,1,2,2,4,4,4,4,1,4,2,4,1,2,3,4,2,0,100,0,0,3,4,2,1,3,5
423,1,1,1,1,1,4,4,4,3,4,4,3,4,3,3,4,3,1,2,2,0,100,0,0,3,4,2,1,4,4
424,1,1,0,1,1,2,3,4,3,4,4,3,4,2,4,3,4,3,3,2,0,75,25,0,4,4,3,1,4,3
425,1,2,1,2,1,3,4,4,3,3,4,3,4,3,2,2,3,2,3,2,0,100,0,0,2,3,2,1,3,2
426,1,2,1,1,1,2,4,4,3,3,3,2,4,4,3,3,2,3,4,2,0,100,0,0,4,3,2,1,3,2
427,1,3,1,2,1,1,1,4,4,3,3,4,4,4,4,4,4,1,3,1,25,75,0,0,4,4,2,1,4,3
428,1,2,4,0,1,3,4,4,4,3,3,3,4,2,3,4,3,3,2,2,10,70,20,0,3,4,2,1,3,2
429,1,2,.25,1,1,1,1,4,3,3,3,3,4,4,1,1,4,1,3,1,0,100,0,0,4,4,2,0,4,3
430,1,3,1,1,1,2,3,4,3,3,4,4,4,3,3,4,2,1,2,1,0,50,50,0,2,2,2,1,3,1
431,1,3,1,1,4,2,3,4,4,4,4,2,4,4,3,3,3,4,4,3,0,80,20,0,4,3,4,1,3,2
432,1,3,1,2,1,2,2,4,3,3,4,3,3,2,4,4,3,1,2,1,0,90,10,0,4,4,1,0,4,4
433,1,2,1,1,2,4,4,4,4,4,4,3,4,3,4,4,3,2,3,4,0,99,1,0,3,3,4,1,2,2
434,1,1,1,0,1,1,3,3,3,3,3,3,4,2,3,1,1,4,3,1,0,100,0,0,4,4,2,1,4,2
435,1,4,3,1,1,4,2,3,3,3,3,3,4,3,3,4,2,2,3,1,10,90,0,0,3,3,1,0,2,2
436,1,3,3,1,1,3,3,4,3,3,4,3,4,3,3,3,3,3,3,3,5,90,5,0,2,3,2,1,1,1
437,1,3,2,1,1,3,3,4,4,4,4,3,3,3,1,1,1,3,3,2,5,60,35,0,3,4,2,0,1,1
438,1,1,3,1,1,3,3,4,4,4,4,4,4,3,3,4,3,2,4,4,30,70,0,0,3,3,4,1,1,2
439,1,3,4,1,1,4,3,4,4,4,4,4,3,1,3,4,4,3,2,1,0,99,1,0,3,3,2,0,1,3
440,1,2,4,2,1,3,2,4,3,3,4,3,4,2,3,3,3,2,2,2,0,100,0,0,4,3,2,0,1,1
441,1,4,1,1,2,4,4,4,4,4,4,4,4,2,4,4,4,4,4,4,0,100,0,0,3,3,1,1,1,1
442,1,3,1,1,1,3,4,4,4,4,4,4,4,2,3,3,4,3,3,3,0,100,0,0,4,3,1,1,1,1
443,1,2,1,1,1,1,1,4,3,4,4,4,3,4,2,3,1,4,3,2,40,50,8,2,3,4,2,0,1,1
444,1,3,1,1,1,3,3,4,4,4,4,3,4,3,1,1,1,4,3,1,50,50,0,0,4,4,2,0,1,1
445,1,3,1,0,1,1,4,4,4,3,4,4,4,3,3,4,1,2,1,1,50,50,0,0,3,4,2,1,1,1
446,1,1,1,0,1,1,3,3,3,3,3,3,4,2,3,4,3,2,3,1,20,70,10,0,3,3,2,1,1,1
447,1,2,2,1,1,2,4,4,4,4,4,3,4,3,4,3,3,1,2,1,0,10,90,0,4,4,4,1,1,2
448,1,3,2,1,1,4,4,4,2,3,2,1,4,3,4,3,4,4,3,3,0,30,70,0,3,3,2,1,1,2
449,1,3,2,1,1,3,4,4,4,4,4,3,4,4,4,4,2,2,3,2,0,100,0,0,3,3,2,1,1,2
450,1,3,1,1,1,3,3,4,3,4,4,3,4,3,4,4,3,3,4,3,0,100,0,0,3,3,2,1,1,3
451,1,3,12,2,2,4,4,4,4,3,3,3,4,2,3,4,4,4, , ,0,90,10,0,4,3,2,0,1,1
452,1,4,2,1,1,3,4,4,4,4,4,3,4,2,2,3,4,4,4,3,5,90,5,0,3,4,4,0,1,1
453,1,2,3,2,1,3,4,4,4,4,4,3,3,3,2,4,2,3,3, ,0,100,0,0,4,2,2,0,1,2
454,1,2,2,1,2,2,4,4,4,4,4,2,4,1,2,3,2,3,4,2,0,100,0,0,3,4,4,1,1,2
455,1,3,2,2,4,2,2,4,4,4,4,4,4,3,1,4,1,4,4,4,5,40,40,15,4,4,4,0,1,1
456,1,1,1,2,1,3,3,4,4,4,4,2,2,3,3,4,1,1,1,1,5,90,5,0,3,4,2,1,1,1
457,1,3,2,1,1,3,3,4,3,3,3,3,4,3,3,3,2,2,2,2,25,75,0,0,2,3,2,0,1,1
458,1,4,2,0,1,1,3,4,4,4,4,4,4,3,1,3,3,3,4,4,0,75,25,0,3,4,2,0,1,2
459,1,2,2,1,2,3,4,4,4,4,4,3,4,3,4,4,4,4,4,4,1,98,1,0,4,4,1,1,1,1
460,1,2,1,2,1,3,3,4,4,4,4,3,3,2,4,4,4,3,3,3,50,50,0,0,4,4,2,0,1,1
461,1,3,2,0,1,2,4,4,4,3,3,4,4,4,4,4,4,3,3,2,10,80,10,0,4,4,2,1,1,2
462,1,3,2,1,1,3,4,4,4,3,3,3,4,3,4,4,4,3,3,2,0,75,25,0,3,4,2,1,1,1
463,1,2,1,1,1,3,3,4,4,4,4,3,3,3,3,4,3,4,4,2,0,80,20,0,4,3,2,1,1,1
464,1,3,4,1,1,3,3,4,4,4,4,3,3,3,2,4,4,2,3,3,10,75,15,0,3,4,2,1,1,1
465,1,3,2,2,1,3,3,4,3,2,3,2,4,1,4,4,4,2,2,2,0,100,0,0,3,4,2,1,1,1
466,1,2,1,2,1,2,3,4,4,4,4,3,4,2,3,4,3,3,3,1,0,100,0,0,4,4,2,1,1,1
467,1,3,2,2,1,2,2,4,4,4,4,2,3,3,2,4,3,2,3,2,50,40,10,0,2,2,2,1,1,1
468,1,3,2,0,1,1,3,4,4,4,4,3,4,3,3,4,2,2,3,1,5,90,5,0,3,3,2,1,1,1
469,1,3,2,0,1,1,3,4,4,4,4,3,4,2,1,4,2,3,3,3,0,100,0,0,4,4,2,0,1,1
470,1,2,1,0,1,1,3,4,3,3,4,3,4,3,3,3,2,1,3,1,0,100,0,0,2,4,1,1,1,2
471,1,3,6,1,1,2,4,4,2,4,3,1,4,3,1,3,1,1,3,1,20,75,5,0,3,3,2,0,1,1
472,1,3,1,0,1,1,1,3,4,3,4,2,3,2,2,4,3,2,3,2,0,95,5,0,3,3,2,0,1,1
473,1,2,1,2,1,2,2,3,3,3,4,3,4,2,4,4,2,4,4,3,10,90,0,0,3,3,1,0,1,1
474,1,3,2,1,1,3,4,4,4,4,4,3,4,1,4,4,3,2,3,2,40,40,10,10,3,3,2,0,1,1
475,1,1,.5,0,1,2,2,3,3,4,4,1,3,2,1,3,3,4,3,1,0,100,0,0,4,4,4,0,1,2
476,1,3,2,0,1,1,2,3,3,3,3,3,4,3,4,4,3,2,3,2,30,60,10,0,3,4,2,1,1,1
477,1,2,1,2,1,3,3,4,4,4,4,4,4,3,2,2,3,3,3,3,0,100,0,0,4,4,2,0,1,1
478,1,2,4,2,1,1,1,1,1,1,1,1,1,1,1,1,1,1,1,1,30,20,20,30,1,1,1,1,1,1
479,1,2,3,0,3,4,3,4,4,4,4,4,4,2,3,3,4,3,3,4,0,100,0,0,4,3,2,0,1,1
480,1,3,3,0,2,3,4,4,4,4,4,4,3,3,2,4,2,4,4,3,30,60,10,0,4,4,2,0,1,2
481,1,2,2,0,1,3,2,3,3,1,1,3,3,4,4,2,3,1,1,1,80,20,0,0,2,3,1,1,1,1
482,1,3,2,1,3,4,3,4,4,3,3,3,3,3,4,4,3,4,4,2,0,95,5,0,4,4,1,0,1,2
483,1,1,1,0,1,1,3,4,4,4,4,3,4,2,1,3,3,3,3,3, , , , ,1,1,4,1,1,2
484,1,2,1,1,1,2,1,3,1,1,3,1,1,2,4,4,1,4,2,1,0,100,0,0,2,4,2,0,1,2
485,1,2,1,0,1,3,3,3,3,4,4,2,4,3,3,3,3,4,3,1,0,80,20,0,3,4,1,1,1,1
486,1,3,1,0,1,1,3,3,3,3,3,3,3,2,3,3,3,1,3,3,0,95,5,0,4,3,2,1,1,2
487,1,4,3,1,1,3,4,4,4,4,4,3,4,3,3,4,4,3,3,3,0,75,25,0,3,4,2,1,1,1
488,1,3,2,0,1,1,3,3,3,3,4,2,4,2,3,3,3,2,1,1,25,55,19,1,4,4,2,1,1,1
489,1,3,2,0,1,1,1,2,1,1,2,1,1,0,1,3,2,3,3,2,0,40,60,0,4,2,2,0,1,2
490,1,2,2,0,1,2,4,4,3,3,4,3,4,2,2,3,3,3,2,2,0,100,0,0,3,3,1,1,1,1
491,1,2,2,1,1,3,1,4,4,4,4,4,3,3,2,4,3,1,1,1,0,90,10,0,4,2,2,1,1,2
492,1,1,3,0,2,3,4,4,4,4,4,4,4,3,3,4,4,2,3,3,15,85,0,0,2,2,4,1,1,1
493,1,2,2,1,1,1,1,3,3,3,3,2,2,2,2,2,2,3,4,2,0,100,0,0,4,4,2,0,1,1
494,1,2,2,1,1,3,4,4,4,4,4,2,4,3,4,4,3,3,4,3,0,100,0,0,3,3,2,1,1,1
495,1,1,4,2,1,3,3,4,2,4,4,2,4,3,4,2,4,3,3,2,0,95,5,0,2,4,2,1,1,1
496,1,2,2,1,1,3,4,4,4,4,4,4,3,1,4,4,3,2,4,2,0,90,10,0,4,4,4,0,1,1
497,1,3,1,1,2,2,2,3,4,4, ,3,4,3,4,4,1,3,3,2,0,100,0,0,3,3,2,1,1,1
498,1,1,1,1,1,2,2,3,2,3,3,1,4,3,1,1,4,4,4,1,0,100,0,0,3,3,1,1,1,1
499,1,2,2,1,1,3,3,4,3,3,4,3,4,3,2,2,3,3,4,3,0,70,25,5,3,3,2,1,1,1
500,1,3,3,1,1,4,2,3,3,3,3,3,4,3,3,4,2,2,3,1,0,80,20,0,3,4,2,1,1,2
